rms,kurtosis,peak,crest_factor,skewness,std_dev,peak_to_peak,fft_peak,spectral_centroid,band_energy_ratio,envelope_spectrum_peak,entropy,segment,day,severity,health_indicator
2.2945984628870244,-0.007098974972482797,11.28767872,4.919239205711851,0.0028474425838182,2.267945165277098,20.17366219,34054.76761342,15869.127977122795,2.2426524578323606,4701.720791583724,3.1463304358923203,0,1,0.0,0.011967227400829105
2.2886647251847756,0.016414972333358424,10.40038204,4.544301279935323,-0.003470432549503934,2.2625300713472036,19.760999679999998,33679.8400044,16015.537818709932,2.3514018868117685,4620.735304758787,3.1645152978204534,1,1,0.0,0.011967227400829105
2.3025032921751993,-0.019697914180951237,10.04849815,4.364162337638648,-0.0024935683788659953,2.2765584017975766,18.696684830000002,33659.92151643,15887.686676298285,1.58849129993984,5580.4660927595105,3.226035090014883,2,1,0.0,0.011967227400829105
2.290827972292918,-0.021242335548099067,10.11429787,4.415127627360196,0.008326753459737922,2.2647409191764205,19.212063790000002,33665.32040138,15911.316775346968,2.855200527501795,4798.344667436053,3.1934998641837264,3,1,0.0,0.011967227400829105
2.291577058301834,-0.0009353773638922647,9.97134113,4.35130081874237,0.013368005746653484,2.2652167622697035,19.801989550000002,33845.72040631001,15888.879641932735,1.8439853322628648,5528.600301960916,3.163914318039301,4,1,0.0,0.011967227400829105
2.3119516757375713,0.005309314822612876,10.96536541,4.742904241933072,0.004683888646565624,2.285806248917213,21.298754690000003,33858.66655111,16030.59129247687,2.8349395113295253,4374.343450580726,3.1001819682009746,5,1,0.0,0.011967227400829105
2.1000341608046913,0.029067736265643962,10.20176697,4.857905247641726,0.010863662604506514,2.085730820904516,19.0726881,23894.89251702,15934.343854834266,2.181301083510794,4562.691400340998,3.118941579700329,0,2,0.02040816326530612,0.01103947189099505
2.073892639575656,0.013831905784795762,9.20629025,4.4391354086119525,0.006440410981384773,2.059578418812131,18.23541451,23754.19063993,15939.560960035147,2.496242847315699,4098.83202458986,3.1510227739030348,1,2,0.02040816326530612,0.01103947189099505
2.0647361240056665,-0.01419987027386016,9.10813999,4.411285240813176,-0.00866857316275251,2.050125256744879,17.946007729999998,23944.98304888,15955.532877924135,2.874726495050967,3648.3165791754404,3.162473210432292,2,2,0.02040816326530612,0.01103947189099505
2.0701037126923354,0.002881830494625426,9.60910797,4.6418485755491865,0.004442891052724717,2.0556904100728883,17.531166550000002,23814.1157688,15964.308876674802,2.3022653787765384,4238.355813309273,3.1881239015390173,3,2,0.02040816326530612,0.01103947189099505
2.0568391615750863,0.0581603514231368,9.4946394,4.616131186810541,0.006455759129173346,2.0425926615574577,18.43865681,23600.15509761,15944.611600058179,2.778132662006427,4797.567019262458,3.1314748026456405,4,2,0.02040816326530612,0.01103947189099505
2.0933084821365098,0.022913855614576484,8.81464672,4.210868486523037,-0.0018239394165066255,2.078815041532178,17.42472267,24013.93098361,15927.694806513842,2.9450586669051644,4692.710494535116,3.205781620951587,5,2,0.02040816326530612,0.01103947189099505
2.107629901076004,0.027504914383055468,10.12264061,4.802854905803011,-0.004661718842933121,2.095918332917415,19.45022869,21667.782836209997,15919.742559713373,1.0772421116945474,3923.064918449602,3.104514666107918,0,3,0.04081632653061224,0.01120739465618762
2.0868067617956747,0.02927246602760558,10.15482044,4.866200659260796,0.0007612547083738414,2.0756687995475973,19.87169075,21027.01626662,15914.467648515301,1.741435782369607,3882.157532319676,3.07318545097767,1,3,0.04081632653061224,0.01120739465618762
2.09350096620866,0.008284496087824333,9.04021168,4.318226657603061,-0.013536583446111514,2.08156751384922,17.79357529,21797.85628996,15938.172652919578,1.6370985683230874,4159.267458225161,3.186497401983889,2,3,0.04081632653061224,0.01120739465618762
2.109608495907588,-0.005103842164057237,9.61633205,4.558349129070462,0.0029349980997979033,2.0978757549669833,18.45786666,21697.511231639997,15867.876160930486,1.0145322335577784,4244.847321588478,3.1577351928034196,3,3,0.04081632653061224,0.01120739465618762
2.1583883387525553,0.0033057667851039696,9.65240002,4.472040478859621,-0.004980684503797955,2.14763307762126,18.482096679999998,21015.876320609997,15759.972802165375,1.578444686128318,5294.839459065341,3.1792881389700463,4,3,0.04081632653061224,0.01120739465618762
2.1325951309216955,0.06116783324610209,11.02775574,5.171049853815369,0.013244725465785485,2.1217718354727038,21.47407532,20955.41000005,15766.812031186557,1.7741498214822453,4932.143350602067,3.017843100166245,5,3,0.04081632653061224,0.01120739465618762
2.028612514134289,0.025134772538585537,9.08279037,4.477341190945026,0.010605764430156617,2.0176984209770836,17.876935,20522.127718710002,15956.495803853946,1.701200418813209,7476.137613969003,3.15036135507896,0,4,0.061224489795918366,0.01749131122803107
2.0213289173045905,0.04254384201913508,8.67014027,4.289326786835609,-0.004688051163794002,2.0098089339616694,17.22883892,21044.5034068,15913.338140147196,1.599073714706799,4839.9586601308665,3.183414428906129,1,4,0.061224489795918366,0.01749131122803107
2.020129590336397,0.07370139408698684,9.25505829,4.58141811014155,0.003927679758623811,2.0088457493083305,17.78612995,20822.10900246,16032.54576411983,1.9899035748747682,5334.818475366685,3.1509228308976245,2,4,0.061224489795918366,0.01749131122803107
2.0133953431535683,0.01066960369073433,9.28870201,4.6134516212057814,0.004725906634588543,2.0023086413638125,17.8469944,20605.39576351,16060.84097100665,2.37765472018132,5657.652039612098,3.1445483780287127,3,4,0.061224489795918366,0.01749131122803107
2.011779502010739,0.0006893941731851427,8.32999611,4.1406108878603805,-0.001444161557195015,1.999547134800244,16.628340719999997,21632.07600865,16022.776303544015,1.6605816923643557,3964.5039454798157,3.2137503665515865,4,4,0.061224489795918366,0.01749131122803107
2.021133604261665,0.09450941301043825,10.67465305,5.281517771755386,-0.004244998940775141,2.0100969865030085,19.52000236,20598.507444900002,15932.608979945288,1.7049663588882982,5222.980728703984,3.058644049811821,5,4,0.061224489795918366,0.01749131122803107
2.141945908971608,0.00954511817062631,10.24102211,4.781176810817283,0.012025062901036505,2.1313134353190306,20.27942944,20815.92500938,15649.452243662172,0.7401272434098883,3622.9033923531647,3.0793945811933034,0,5,0.08163265306122448,0.016675080444528017
2.1132973366232086,0.0374547922385946,10.84617233,5.132345620295372,-0.0022947034827301696,2.102661302364057,21.216959,20679.35392148,15674.160961947144,0.9106582894519286,3348.942033262904,3.0208173063128743,1,5,0.08163265306122448,0.016675080444528017
2.043283975273498,0.06529159786337058,10.02456284,4.906103586829231,0.01045122481241729,2.0317503989885917,18.5209694,21171.25319373,15803.559634997038,0.9439300906109642,4199.2678981977815,3.1217671697415326,2,5,0.08163265306122448,0.016675080444528017
2.0337875013385434,0.06588006028467097,9.35325813,4.598935790412777,-0.01649469415970638,2.022901877703477,18.23366642,20521.61172827,15875.089709880514,0.7926296199102971,3991.539274129972,3.1331326329605966,3,5,0.08163265306122448,0.016675080444528017
2.0562340404786315,-0.002042197467790885,9.64238358,4.689341480678695,-6.296242962755768e-05,2.0447136688880363,18.89106751,21226.29966627,15806.96900125493,0.8101436660373034,3762.9952929136107,3.109049615659937,4,5,0.08163265306122448,0.016675080444528017
2.039601342724683,0.06877906432788894,8.99027538,4.407859120150402,0.0014926381493376008,2.0274944350125503,17.755661959999998,21669.94192758,15813.991529771054,0.8895419826844241,3436.757550823011,3.1619429859592794,5,5,0.08163265306122448,0.016675080444528017
2.1027682268862256,0.033455238670263565,9.59918976,4.565025111785363,0.0053095578413815915,2.082182946684791,18.47311306,28663.057882330002,16000.639925077425,1.0213203965763988,4781.565148535787,3.1491242005827083,0,6,0.10204081632653061,0.01697878484712463
2.1144380162182914,0.008003617337943858,8.96252537,4.238726934180662,-0.011361922465117316,2.0939880568933664,17.9092865,28648.70577039,16145.469070116627,1.2112319469114174,4028.8217312161432,3.185556713133578,1,6,0.10204081632653061,0.01697878484712463
2.0945109890775355,0.024170499692140357,8.90916729,4.253578680875661,-0.015044927516450651,2.073649598929114,17.32948685,28796.70355556,16003.332053601262,1.5269525414359493,4300.5788265967785,3.2086665593265553,2,6,0.10204081632653061,0.01697878484712463
2.0860063374775333,-0.016257591497142787,9.32875729,4.4720656511909915,-0.020914325774191157,2.064849244941003,17.76952935,28939.81404043,16138.453597617001,1.5436659301631666,4763.034197391465,3.179487844201807,3,6,0.10204081632653061,0.01697878484712463
2.1138925544447456,0.006064815725978612,10.07146072,4.764414680785638,-0.0069175630018302155,2.0938344409388647,19.56672763,28370.549723049997,15972.43187656417,1.1423970595639177,5410.931553802883,3.097469573252514,4,6,0.10204081632653061,0.01697878484712463
2.0865130095827498,0.05076694490981559,9.9783926,4.782329443512757,-0.0017541679788711719,2.0660498195843413,19.014579769999997,28467.131397409998,16140.304012556211,1.051822535434336,3910.2216890823347,3.1124175214642467,5,6,0.10204081632653061,0.01697878484712463
1.9908251043071015,0.0013101636878198875,8.99920845,4.52034105383262,-0.004160509444061511,1.9793317641467365,17.121888159999997,20860.556751620003,16060.794986709516,1.177714966177996,4492.669354981243,3.174590370385586,0,7,0.12244897959183673,0.007972090132725729
1.9891748220688121,0.046893934982404684,9.31603336,4.683365814127386,0.011599995370269293,1.9780528145927416,18.53401374,20513.231594750003,16070.855481948161,1.3570176982192224,3521.339547472919,3.0947235873935437,1,7,0.12244897959183673,0.007972090132725729
1.9909155431642,0.045142315724819415,9.61900234,4.831446704520844,-0.011814571142227134,1.9793402326767853,18.50242519,20935.073944410004,16138.020262073129,0.969040501660708,3650.4838871317893,3.0970428916301946,2,7,0.12244897959183673,0.007972090132725729
1.989019843520043,-0.007267298266419697,8.81040096,4.42951888524546,0.0031203125985300013,1.9777155471761687,16.36104631,20679.370490089997,16068.587132971445,1.007231790294216,4176.5975740278855,3.218676399497961,3,7,0.12244897959183673,0.007972090132725729
1.9736478513267246,0.01354225521582908,9.1339941,4.627975600540872,-0.00034291227575570333,1.961866829190693,17.47940922,21027.6716076,16130.01060017981,0.8533180115721597,4075.961474685174,3.1448814257495563,4,7,0.12244897959183673,0.007972090132725729
1.9669380982380438,0.0024030090947211313,8.24168873,4.190110882179155,-0.007077884002157353,1.955430741696737,16.12471342,20747.26868799,16072.212700276034,1.156554336563183,3555.2009736700716,3.221737381749934,5,7,0.12244897959183673,0.007972090132725729
1.8029321894443275,0.01732452831877307,8.30866909,4.608420182769477,-0.010627161539012133,1.7865207331548272,15.684633730000002,23702.08889514,16489.47380064946,1.5535388072289094,3514.01550247458,3.1597019709771392,0,8,0.14285714285714285,0.005457074135632236
1.8164886517634962,-0.017315774501936332,8.02200603,4.416215880133366,0.01525946807994993,1.8001875632240147,15.80827045,23711.6649527,16448.59891767897,1.0465610841560413,4263.745234261001,3.1593934846246254,1,8,0.14285714285714285,0.005457074135632236
1.8320020986598158,0.005345555889860076,8.69042015,4.743673687032016,-0.00955891869398984,1.8153916930844074,16.773721690000002,24037.006295119998,16421.878224003696,1.332281732117798,3949.283697575338,3.1086881732850724,2,8,0.14285714285714285,0.005457074135632236
1.8300192863291023,-0.012046148457849348,8.88997078,4.857856333215315,0.012975504209912756,1.8141172826423988,17.454072,23508.35165915,16414.718289319302,1.205673982234439,4033.0980383095193,3.068194693158257,3,8,0.14285714285714285,0.005457074135632236
1.8323340466344828,0.007646453861409608,8.32253838,4.542042099412124,-0.004096435502304031,1.8154121847797422,16.377942089999998,24262.4868451,16470.680127907235,1.2647396800297657,3755.693553839855,3.1322294064181673,4,8,0.14285714285714285,0.005457074135632236
1.8525723590600756,0.02746737898076157,8.97168064,4.842823329476798,0.008778307168604203,1.8365397964023369,17.54243946,23749.8753107,16402.676890130053,1.2790082600874226,3784.988500377561,3.075449147253162,5,8,0.14285714285714285,0.005457074135632236
2.020836158213046,0.07604979927653366,10.9097929,5.398652857462301,0.013583514256206457,2.00935829228523,20.6226635,21003.54035939,15872.627308075364,1.1350590684679418,4065.6689690614703,3.0034761659607403,0,9,0.16326530612244897,0.011626796505722837
2.001988399062759,0.042434908337950716,9.16334343,4.577121143304259,-0.0074379706749289004,1.9909581869176871,18.10679436,20494.513551400003,15965.79260393437,1.2932196473403552,4384.240127678715,3.1242420543979548,1,9,0.16326530612244897,0.011626796505722837
2.0171732371774427,0.049776765199236905,9.17155075,4.546734301726816,0.004689865916252569,2.0066324275340905,17.52444744,20111.960882710002,15961.650590483352,0.9259840039168187,4576.724905627552,3.164399586543956,2,9,0.16326530612244897,0.011626796505722837
1.9996490659855823,0.049888673543938555,8.51790428,4.259699576736338,-0.011154546673406629,1.9888052613169478,16.70762539,20309.165848850003,15936.39339481243,1.452501812126569,4322.857500414038,3.203617654541252,3,9,0.16326530612244897,0.011626796505722837
2.0149642718646295,0.055751834223841,10.210639,5.067404490775992,0.008111873141531202,2.0036627406495704,19.294289589999998,20811.645786,15969.817570110808,1.126700077889438,5019.538149306443,3.0671248387029664,4,9,0.16326530612244897,0.011626796505722837
1.9951869401424471,0.15253519258920134,9.69985104,4.8616251664655925,0.0008242097918815407,1.9844150524947157,18.49430371,20219.23215887,16013.888028663858,1.1821149050523099,6668.383243101527,3.0992839084082635,5,9,0.16326530612244897,0.011626796505722837
1.994953218662526,-0.012721182748257398,8.5898447,4.305787534085074,-0.00275477605015793,1.9815557192690119,16.92710018,22540.40868488,16063.261208986798,3.1586781523589806,3508.589218899435,3.1865956735299976,0,10,0.1836734693877551,0.010177011946978587
1.9786854359045767,0.007049431689536867,8.37049389,4.230330773205162,-0.017203529343966663,1.9646652603755403,16.6638422,22961.9283847,16145.523133438553,2.941453999191283,3290.92198031309,3.193915817935732,1,10,0.1836734693877551,0.010177011946978587
1.9938219941091022,0.025960058818676135,8.74622631,4.3866635716936555,0.0015447259423618674,1.9802205343971027,17.21495724,22704.29110602,16071.946854864274,2.2783598465411083,3962.80832738406,3.169519175706492,2,10,0.1836734693877551,0.010177011946978587
1.9777154602071325,-0.012990401748953495,9.04742241,4.574683563960426,0.0027152889594775184,1.9638175059543859,16.537610049999998,22856.35391058,16128.207123203663,2.196509190871737,3663.0317177499664,3.200991608773675,3,10,0.1836734693877551,0.010177011946978587
2.031756991556135,0.03077248124332277,9.5176878,4.684461694757277,0.003321443002718928,2.018486423440245,17.9520731,22640.40813881,16063.43224623275,2.5597978542297337,4542.562990131899,3.1468553787249167,4,10,0.1836734693877551,0.010177011946978587
2.0096888489821922,-0.003712830158628222,10.08574867,5.01856228893738,0.00013446270290278433,1.9959326487817308,18.240571019999997,22923.616272270003,16050.161493374462,2.3725278942171766,3922.3862918848326,3.119379971087086,5,10,0.1836734693877551,0.010177011946978587
2.1397344224624026,0.10687459281461953,9.56705952,4.4711434370393714,0.0008527690210106633,2.129586862040569,19.029593470000002,20326.33943924,15656.0648341305,1.135386907897777,6892.727425427277,3.141640966378841,0,11,0.20408163265306123,0.030896506598436464
2.1147639567120664,0.1125848397686271,10.14847088,4.798866959969544,0.0003056113219472063,2.1039748048998463,19.81899738,20834.53923088,15725.633049944287,1.075698184541548,6175.033805968351,3.0890994066657713,1,11,0.20408163265306123,0.030896506598436464
2.1053976344071366,0.14970887679274902,10.20539665,4.847253783902802,0.005461442819807833,2.0930133235957107,20.0718193,22267.80074495,15810.119038011695,0.7919041374681153,5431.1777859079575,3.0713999775424896,2,11,0.20408163265306123,0.030896506598436464
2.1225753355430097,0.11028051904616021,10.22634125,4.817893187938998,-0.01146463168410204,2.1121575263634633,18.79620171,20511.62841284,15690.387322429453,0.7377648449772684,5395.835404307124,3.1461062904838353,3,11,0.20408163265306123,0.030896506598436464
2.1277056452512877,0.11518644250936871,8.94821358,4.205569318280016,-0.014949113934781972,2.1162720102374513,17.86529351,21511.843918079998,15705.02214611997,0.9415032188063411,7178.2084492368285,3.198324481670209,4,11,0.20408163265306123,0.030896506598436464
2.1342984624432617,0.1518218601851138,11.65229893,5.459545201874391,0.01198077821938808,2.1229692501629653,21.59368801,21446.88728379,15786.848427553192,0.7725926632833022,5439.585716525695,3.012087753596492,5,11,0.20408163265306123,0.030896506598436464
2.0223990845758,0.06059702349416973,9.88385963,4.887195462745746,0.02086098145702509,2.011533944308187,19.52063083,20444.709412340002,15749.003072168909,0.7850730009972775,3801.705264391523,3.059539272963792,0,12,0.22448979591836735,0.030063857987334002
2.119094930894542,0.07193892993884843,9.54590511,4.504708576680115,-0.0042190563217997185,2.114412138307272,18.35900116,13749.96324701,15513.983443780708,0.921721375365987,4266.796132188348,3.1703603349266416,1,12,0.22448979591836735,0.030063857987334002
2.2829644460210283,0.05334621975354592,11.39690495,4.992151748076336,-0.04435687850623876,2.2715364072503594,21.27645684,22279.48655385,15279.272820415481,0.6570006326056256,6890.322080528365,3.094839747132293,2,12,0.22448979591836735,0.030063857987334002
2.246478844511155,0.07061852848524852,11.04072666,4.914680895827674,-0.02552306915981998,2.239117588034532,21.23250103,17745.367797090003,15275.310947817146,0.7736894407199434,5039.282998195748,3.0825275470943714,3,12,0.22448979591836735,0.030063857987334002
2.151920364346331,0.05944341759643157,9.6605587,4.489273330026085,0.004242339797017411,2.1454237838516685,18.899754520000002,16317.041234679999,15396.258129540243,0.9023430330587481,4490.171390556166,3.1561519889253105,4,12,0.22448979591836735,0.030063857987334002
2.016536822653422,0.08493609689803794,9.88736629,4.903141950559521,-0.008826502715342709,2.0027087088206526,18.53271007,23022.51016305,15713.942017251396,0.8544802990500728,3953.3616802354563,3.1071101094496,5,12,0.22448979591836735,0.030063857987334002
2.130755485562693,0.13911799726335516,10.81038666,5.0734993917639395,0.002383648482523908,2.120257379956252,21.5699749,20630.06564352,15612.449896504904,0.7659513151634657,5686.439717311559,3.012363493307065,0,13,0.24489795918367346,0.0560150331206086
2.105748994185338,0.16451751666957826,10.99968624,5.223645491639191,0.0017869218391978587,2.0950094227822396,19.86392498,20742.268875690002,15712.201477311184,0.843240266364198,6630.388934917322,3.082237440524899,1,13,0.24489795918367346,0.0560150331206086
2.1063700848544227,0.16039367748467992,10.42359066,4.948603635680861,0.0022253445662876663,2.093716005934318,20.665769580000003,22513.51453867,15721.716441526518,0.7382389862158327,6016.922206647735,3.04229889824122,2,13,0.24489795918367346,0.0560150331206086
2.207333693014072,0.1716631644555986,12.36954117,5.603838336336735,0.0049527931275766615,2.1979708051927833,24.03554917,19833.15508593,15531.50325740422,0.669109818794031,6291.522008704152,2.9401793830097054,3,13,0.24489795918367346,0.0560150331206086
2.185848957038854,0.13224115049804253,12.38475227,5.6658774295079795,-0.010854026134796767,2.175562855209607,22.595613479999997,20684.160021080002,15592.698686910562,0.7285301410185931,8090.682675426064,2.991619127563509,4,13,0.24489795918367346,0.0560150331206086
2.099124737831749,0.19158877590618761,10.94581127,5.214464425447279,0.002535665588177935,2.0846523113739006,20.41601181,24030.00570146,15717.175177048763,0.9095652126860831,6214.427961251827,3.0495781492986125,5,13,0.24489795918367346,0.0560150331206086
2.282828760115888,0.05979886175235638,10.99788952,4.817658561232465,0.008258486020202512,2.2548607907326064,20.45694065,34789.38803541,15987.323410186202,4.854712044650958,8989.01716391976,3.126735973233733,0,14,0.2653061224489796,0.05948779700085742
2.254663647693962,0.09023924740973133,12.04202366,5.340940176294771,-0.011426366082578493,2.225393554842674,21.9572258,35363.29803806,15942.580887823513,3.4828559960418763,7437.737416076678,3.043066052918668,1,14,0.2653061224489796,0.05948779700085742
2.2754611923078056,0.04833513115040855,10.06870461,4.4249071986097785,-0.00996435268567699,2.246647355782629,19.86962319,35250.88030781,15848.301315934905,2.66483456740485,7102.113573474737,3.1522979332274583,2,14,0.2653061224489796,0.05948779700085742
2.279389311570086,0.13296758958432786,11.19150925,4.909871777143273,0.00031472432819277656,2.252246453724636,21.04660988,34249.498407859995,15891.54862414371,4.638725004358133,7410.543856095961,3.0969705513607666,3,14,0.2653061224489796,0.05948779700085742
2.3011689017960246,0.1032524849112777,10.10850143,4.39276813714564,-0.008499260310775436,2.272921191913036,19.98837375,35102.89304986,15915.605580656971,6.120239282768761,7619.280638976709,3.1578022243139254,4,14,0.2653061224489796,0.05948779700085742
2.2978558589179428,0.052273203664548795,10.59110928,4.609126912332673,0.0070513098659476265,2.26909587055308,20.755983360000002,35392.113271849994,15894.898148854933,4.503209161799115,7636.466756720243,3.1186097557261854,5,14,0.2653061224489796,0.05948779700085742
2.150158179318198,0.08799793131476408,11.65122795,5.418777121641597,-0.00011561889263776609,2.1417571920436487,21.29591179,18543.41295258,15516.402732065037,0.9796123360010743,5449.9091976768705,3.035656344916647,0,15,0.2857142857142857,0.07572310675302849
2.204965062621543,0.17532796860057953,10.96479893,4.97277671917561,0.012958774452444477,2.1958966023666147,20.368104940000002,19508.9801657,15478.80999302,0.8437802807113455,6414.635010346918,3.104410613289353,1,15,0.2857142857142857,0.07572310675302849
2.224295057531299,0.14799754740300308,13.23301315,5.949306547795444,-0.011070546638061425,2.2172154945267817,24.27028179,17316.794622460002,15505.252131971065,0.8722272944057089,7677.385272289877,2.9393180321061307,2,15,0.2857142857142857,0.07572310675302849
2.218999667921811,0.18894924483752495,11.66173744,5.2554029676452005,0.005889547956607801,2.210614710030563,23.03608513,18820.55103121,15493.086662301379,0.8541602308402061,6624.881988700733,2.9880041886573556,3,15,0.2857142857142857,0.07572310675302849
2.1860179632949075,0.10380582791459547,11.55705261,5.28680587444966,0.005243121617297751,2.1767116476667634,21.02939415,19677.366254340002,15559.302572266157,0.944272370890023,6443.399297742571,3.063989000057496,4,15,0.2857142857142857,0.07572310675302849
2.133064796050443,0.20330983216578424,12.28154278,5.7576979390126155,-0.01523107460095671,2.1251473164414745,23.1527195,17931.06371796,15619.675489862315,0.9125617398345608,7287.095349176522,2.9436604596014706,5,15,0.2857142857142857,0.07572310675302849
2.220063710999229,0.19151637763497398,11.40565395,5.137534519163158,0.0166380113217894,2.2106757270147184,21.8647356,19916.96714828,15500.739375660822,0.9227153182323127,8783.333829401783,3.0400399664143416,0,16,0.30612244897959184,0.09706009885446973
2.205783870783573,0.3125943377133664,11.29021358,5.118458671106936,-0.007213874945651726,2.1947801593770917,22.40366649,21489.32131683,15568.62705355892,0.7467750917539512,9943.00971569622,3.007781666644255,1,16,0.30612244897959184,0.09706009885446973
2.192689670860995,0.29645721928012403,13.5594368,6.183928797674168,0.003656221427773142,2.1842659453338698,26.34467983,18751.547172209997,15591.26439236758,0.8673459208842432,7982.8128192881,2.8414540723410053,2,16,0.30612244897959184,0.09706009885446973
2.1769790038823142,0.31672902400758574,10.51529408,4.830223011451905,0.007357210248461266,2.166567541078194,20.7198906,20767.157057030003,15648.577759070025,0.8448839524909106,8792.361748674686,3.0727007370061985,3,16,0.30612244897959184,0.09706009885446973
2.2024041710786424,0.2698294547317275,12.87993717,5.8481260338750465,-0.0034004071785094987,2.192527977830436,25.1013174,20345.56751507,15590.477825143054,0.6907034807976623,9768.431281418201,2.893738386981426,4,16,0.30612244897959184,0.09706009885446973
2.1763150821262953,0.22680708433882746,12.81923199,5.890338258132826,-0.005381697321402043,2.167367746225418,24.86017227,19251.955781819997,15608.888051854306,0.8383755273629593,8937.16521864122,2.892409901317337,5,16,0.30612244897959184,0.09706009885446973
2.253331684997056,0.2973905230846956,11.77362251,5.224984225975317,0.0021227046055845578,2.243847197028703,23.07455444,20168.60952332,15597.478524801349,1.0528053020127295,8248.3625580484,3.0006204931375193,0,17,0.32653061224489793,0.12718400782043485
2.2175506227828254,0.32778894429630556,12.54582214,5.657513299180574,0.001260929977578877,2.207236876051671,23.50199508,20861.876593139998,15562.530134244387,0.7420968748570752,9983.342756673783,2.965350793679179,1,17,0.32653061224489793,0.12718400782043485
2.2014232103739255,0.31279884348252374,11.75316906,5.338895767344821,-0.0022298800642924993,2.191426802002985,22.97765732,20464.1690093,15566.204477129457,1.0167021074189995,6923.236804607583,2.981110686144269,2,17,0.32653061224489793,0.12718400782043485
2.201766890081793,0.3813442890935952,12.2976265,5.5853444592143715,-0.009776770249205695,2.1915479863758085,22.93292618,20691.75132821,15571.802103826221,0.879256894011132,8807.150600370387,2.9826133290890926,3,17,0.32653061224489793,0.12718400782043485
2.188506426570577,0.4344724789642269,12.79148197,5.844845514136528,-0.0023449589129970693,2.1780586180001302,24.603916169999998,20858.42450247,15656.78175482041,1.0144289030377707,9719.818912944147,2.905732745942518,4,17,0.32653061224489793,0.12718400782043485
2.18629756348195,0.3319773536653283,12.4540453,5.696409083567467,0.014144290744251553,2.1769753818054776,23.06606293,19695.35909176,15634.330879910969,0.7664807062489132,10813.250559411665,2.9702121585894194,5,17,0.32653061224489793,0.12718400782043485
2.222451113445779,0.13694686269500078,11.72094059,5.273880050314077,0.00905435911766085,2.1944667776521034,21.94336891,34333.34331527,15917.419192258958,1.1678605120557395,10286.12362688416,3.0293773715927457,0,18,0.3469387755102041,0.14078740878055157
2.2570796667971442,0.05780917128166374,10.44081974,4.625809134515753,-0.0030323099415369447,2.230946428287864,19.66116333,33444.386548049995,15931.52835609021,1.122043086690311,10941.408659202623,3.1557259327325506,1,18,0.3469387755102041,0.14078740878055157
2.2308451919650327,0.09334010980534879,10.05829334,4.508736588369086,0.0009807316768927936,2.203638167136656,19.21529865,33920.400611820005,15868.520964984757,0.9365426444910923,8658.996442039355,3.1661229546685856,2,18,0.3469387755102041,0.14078740878055157
2.2510370325236004,0.13062890571199315,10.36500359,4.604546011568706,-0.004983708439119295,2.223760060844973,19.777600290000002,34118.009171540005,15848.959127668486,1.0952308381229268,11857.90439783272,3.1463858275520806,3,18,0.3469387755102041,0.14078740878055157
2.24886081533405,0.08282914076873427,11.92825603,5.304132629581237,0.011260705663215468,2.223089029662739,21.43817901,33152.75689915,15899.467732824669,0.914184922562431,9671.8242354494,3.065573899729742,4,18,0.3469387755102041,0.14078740878055157
2.207947003854857,0.15328068654282756,11.93850708,5.407062333994678,-0.0025717575389872095,2.1799224784254707,22.34618664,34244.82218619,15844.29716830345,1.0510857786715013,11385.973181680836,3.0048408627101666,5,18,0.3469387755102041,0.14078740878055157
1.9038231688996416,-0.001282304416051705,7.85543489,4.12613682737154,-0.010654743700674551,1.8938657755450534,15.58575725,18990.28395264,16117.230338333608,1.630534984755266,3985.1609587439934,3.2236698947987628,0,19,0.3673469387755102,0.09670781844931621
1.9077936819816463,0.007897888621777316,8.71690178,4.569100874128935,0.0012690356331736157,1.8972722248986074,17.04807854,19539.7034097,16137.589093116425,1.1046517053145346,3428.989544684228,3.1365050627107425,1,19,0.3673469387755102,0.09670781844931621
1.9433327917219165,0.048549675739305354,8.77000141,4.512866477300175,-0.0011375725650205296,1.933182883513062,16.54432916,19370.9429083,16091.27774153558,1.3172951422339636,4279.865015197388,3.1850656977670693,2,19,0.3673469387755102,0.09670781844931621
1.944807589726746,0.03436403292682444,8.56888771,4.406033663825822,0.009673510339820729,1.9347914535191262,16.91560745,19250.51995414,16062.995507421943,1.2113372449058946,4082.547027708828,3.163833398930801,3,19,0.3673469387755102,0.09670781844931621
1.9666502690943168,0.048024421527427474,8.72307968,4.435501226162168,0.004295015468339927,1.9570707586807363,17.30694389,18933.00935453,15969.665282529508,1.2164084421863595,3959.8927542098186,3.151964802119116,4,19,0.3673469387755102,0.09670781844931621
1.9590218742655892,0.05317204062717096,9.09520626,4.6427282816378295,0.008598264233173988,1.9494727672562306,17.337916370000002,18866.22771627,16028.268683703605,1.4635812788480849,4311.819938314728,3.146570524311534,5,19,0.3673469387755102,0.09670781844931621
2.2447773251109266,0.08956952759779924,10.59071541,4.717935846699919,0.006469647342960063,2.229700889725547,21.10946751,25364.100534560002,15861.862094559336,2.4569363913550517,8624.755598711547,3.084246189613355,0,20,0.3877551020408163,0.07326480282926115
2.2275222937854497,0.11959587796687288,12.03703976,5.40377970338706,0.0007582455413055559,2.2129270686852447,23.71159935,24860.9540701,15869.866982270545,2.7018251075890802,9009.68091641381,2.9607528076484173,1,20,0.3877551020408163,0.07326480282926115
2.2598656894503257,0.08293295344977158,11.00243092,4.868621604975186,0.005296366121572602,2.2451001326496525,21.67629719,25186.602963719997,15853.844348800774,2.450004218479514,10432.525332884492,3.064806030504376,2,20,0.3877551020408163,0.07326480282926115
2.2454938456246394,0.07290807998042848,10.2118454,4.547705806407732,0.0012524523179909344,2.2302398839113122,19.72157192,25516.5748945,15789.603973934643,2.384445819705597,8009.292367977934,3.1524957175480943,3,20,0.3877551020408163,0.07326480282926115
2.224683831576142,0.07456147851930339,10.65740108,4.790523906693498,-0.012393877259613413,2.2085646427805963,20.42375278,26105.472560079997,15894.930361214332,2.309938918071886,8724.34402858237,3.107614096282971,4,20,0.3877551020408163,0.07326480282926115
2.2589641048439333,0.11005734557820723,10.85057735,4.803342083538615,-0.007678366407102305,2.244378116554416,21.27944755,25028.472059440002,15804.116713155958,3.4469678577391774,8971.966950016054,3.0825619442648113,5,20,0.3877551020408163,0.07326480282926115
1.902626443362042,0.11208945526707925,8.47473621,4.45423022452305,-0.011571189603184602,1.8746959226638094,16.35328149,31719.802366289998,16289.240988299971,3.1397054930443375,9265.253083227415,3.1655944195094183,0,21,0.40816326530612246,0.06988767161596246
1.9358218001992151,0.1421160472426397,9.37281227,4.841774314678886,0.002693382422061063,1.9102581621622017,17.7925539,30621.003279009998,16217.693095555767,2.180483670361645,6322.709067232637,3.100187405981407,1,21,0.40816326530612246,0.06988767161596246
1.9338797094217512,0.16338961817156417,10.18206501,5.265097389663671,-0.014046452085095794,1.9068098435711465,18.63518047,31488.10938241,16304.189131093235,2.350540229304357,9345.453796927906,3.052205458016378,2,21,0.40816326530612246,0.06988767161596246
1.9753665696784963,0.15154170898221464,9.75626087,4.938962225926449,0.004342097695452985,1.948399717202008,19.37577915,31766.226407609996,16121.829115938905,3.1105901882781883,11661.702019644477,3.034846378883011,3,21,0.40816326530612246,0.06988767161596246
1.975188201776889,0.12362675324846117,9.18847179,4.651947486185876,-0.019038321711276326,1.949870241709666,18.15535354,30784.8010091,16184.42759676808,2.434956741104184,7996.176845619429,3.100499886407874,4,21,0.40816326530612246,0.06988767161596246
1.9750148228230817,0.118521477058529,9.52275848,4.821613675986589,-0.007163818636406463,1.948848937785223,18.686360360000002,31291.2999776,16337.887638170128,1.3929713734405147,10681.82440558383,3.071302263408338,5,21,0.40816326530612246,0.06988767161596246
2.2648014247799035,0.13585448212891604,11.5794735,5.112798576204229,0.003178855253999779,2.246915005988491,21.72636891,27741.60137296,15790.57502618245,5.6807451554913735,11572.366849268838,3.0628741755165416,0,22,0.42857142857142855,0.11900569468534608
2.2637509966736027,0.16965600011070636,11.4258604,5.047313249906623,0.01272847819573988,2.2459637095388065,21.55123329,27658.48091259,15766.181954490427,3.5218276783702067,14362.894218344742,3.0704338027534632,1,22,0.42857142857142855,0.11900569468534608
2.249973922472467,0.13765614464699283,10.08751965,4.483394029258329,-0.009345160661376589,2.232212326665004,20.151449210000003,27554.01385266,15765.986602809715,3.217486301120287,12474.882061012337,3.13171038164991,2,22,0.42857142857142855,0.11900569468534608
2.2630609913830466,0.136479936061201,11.23516941,4.964589753780229,0.0032934013923329244,2.245695991880856,21.055826189999998,27325.287067240002,15709.642497520555,4.398100752257762,10729.6533007925,3.093813359804571,3,22,0.42857142857142855,0.11900569468534608
2.249142466391672,0.06441405725974736,11.26475239,5.008465474431323,0.009066639059790974,2.2318389041431286,20.10268212,27192.75817728,15734.55044190154,2.6957073283756707,12052.421379764022,3.1339720352132376,4,22,0.42857142857142855,0.11900569468534608
2.26913129421062,0.14072787652734675,10.30564022,4.5416676621108,-0.00948913666322019,2.252128179026094,20.56183624,27076.52310564,15783.265093047556,3.005375744200569,15957.661355528908,3.120097387867011,5,22,0.42857142857142855,0.11900569468534608
2.0652956156902,0.14170599634151504,9.68756962,4.690645516507581,0.00965164257786594,2.0551832547976137,19.208211900000002,19934.211304250002,15885.364660629688,1.4529206797776117,6962.236393248757,3.0969706179946304,0,23,0.4489795918367347,0.10986483024399998
2.078132157765949,0.08396711471980245,11.96118736,5.755739506412632,0.00309840550591271,2.06809878463914,21.32145977,19918.15728175,15877.539149329612,1.1641168741073562,5858.908827893711,2.9993698367420585,1,23,0.4489795918367347,0.10986483024399998
2.1145948432530384,0.1138857738046748,11.1365757,5.266529300179214,0.012759954024489782,2.105060622264592,20.34389973,19587.54623988,15836.474530330655,0.9459097147751175,6922.401092152089,3.063333528173554,2,23,0.4489795918367347,0.10986483024399998
2.0537208540242613,0.089478136574074,9.69252872,4.719496664314194,-0.005741608619183377,2.0432324090445517,18.667346950000002,20243.4714059,15900.295220733242,1.2791409893602905,7160.61491241394,3.1197094159435896,3,23,0.4489795918367347,0.10986483024399998
2.0790409138455956,0.10664678998962929,9.28192139,4.4645207933071696,0.006780619779402025,2.0694234556556976,18.35031319,19506.20424169,15871.802117424886,1.6413752241657675,7053.232319605043,3.1495420065314814,4,23,0.4489795918367347,0.10986483024399998
2.081474601862822,0.10933314354884027,10.01934624,4.813580829203084,0.009559176623056906,2.071395600095126,19.6508627,19979.37373857,15860.743336611162,1.2678289771507565,5884.818461023223,3.082002121145171,5,23,0.4489795918367347,0.10986483024399998
2.026641321289545,0.18862346109054418,11.04155064,5.4482016743714174,0.0012983505070180454,2.016999926948594,19.985900880000003,19282.13697716,15961.530912075157,2.2277703378072844,7440.659195956244,3.0382167476674065,0,24,0.46938775510204084,0.10614308799534666
2.0424528156199053,0.10372370271844344,9.58664989,4.693694667844923,0.006985477462172117,2.0331534336895793,18.49330616,19011.749514360003,15838.09078871204,1.99870896308499,8235.393556104671,3.1243227052458047,1,24,0.46938775510204084,0.10614308799534666
2.0214599407001885,0.17382450640093516,9.6158886,4.756902873212155,-0.0028359805923754687,2.0121004095683634,18.65640736,18974.496383730002,15978.662282656413,2.657648420649417,10906.923450047529,3.1042981986788223,2,24,0.46938775510204084,0.10614308799534666
2.044832145240515,0.13624899607332042,9.14654541,4.473005489124964,0.01670300956657054,2.034932730071521,18.025600429999997,19625.52430976,15865.12445304192,2.1464997849152767,6992.43772144819,3.150346678937095,3,24,0.46938775510204084,0.10614308799534666
2.0432147101619442,0.1770989608016582,11.03564358,5.401117917326133,-0.005451910128226014,2.033310887167768,21.80905152,19622.09858354,15886.35980025893,1.926609922875139,6647.822375047695,2.959154337961664,4,24,0.46938775510204084,0.10614308799534666
2.029324666326296,0.1892447973640623,10.07713413,4.965757474501467,-0.000571187617912757,2.0197945368598837,19.347390169999997,19183.533860080002,15903.18193139048,2.0664750379873245,7046.056003633996,3.0720197874851047,5,24,0.46938775510204084,0.10614308799534666
2.155136542182225,0.05540932485911121,9.17178535,4.25577923740875,-0.009535730309619605,2.140240012164517,17.920029640000003,24702.56841376,15990.832158062642,6.0640674459382,9294.96854375506,3.206931857191791,0,25,0.4897959183673469,0.09048128414582836
2.137292602798582,0.10850343655637174,11.11776066,5.201796256367681,0.010732897355753017,2.1227744322652424,19.750921249999998,24286.39727011,16013.144700759232,4.864365771577248,10834.799388363797,3.101423145425226,1,25,0.4897959183673469,0.09048128414582836
2.1524926873023906,0.1275443106184686,9.94878483,4.621983102980156,-0.012157501581968287,2.1380227829133895,19.344326019999997,24332.486910990003,16045.01933138852,4.927499756153759,10372.02058794771,3.1294042565381885,2,25,0.4897959183673469,0.09048128414582836
2.1267493699642976,0.08839127874924912,9.37710762,4.409126788718605,-0.007845420969506819,2.111634158209509,18.3136549,24717.59295137,16107.049480969918,4.780003659365463,9129.042937568185,3.171502820067641,3,25,0.4897959183673469,0.09048128414582836
2.170301464661905,0.16085647587724816,11.43822765,5.270340474005013,-0.004392047678145287,2.1560031264743595,22.18580532,24288.47570514,16048.369600054382,4.8666079765007355,10461.88848090125,3.0004825608382073,4,25,0.4897959183673469,0.09048128414582836
2.1507672368186936,0.08907559673404064,9.47173882,4.4038883696267,0.0070420637527036705,2.136114449418933,18.43690968,24475.40035859,16071.127989989402,5.590255230253888,9448.675010607092,3.1762400686160497,5,25,0.4897959183673469,0.09048128414582836
1.8821176447499446,0.02593519038812442,9.40678883,4.997981319732951,-0.0012291690893607295,1.8745037213053029,18.18561268,16515.88676379,16114.142316121077,2.9712769951331746,3595.11292104893,3.059626044760491,0,26,0.5102040816326531,0.07370954810419986
1.9019977813663362,0.03618079175902755,9.58629322,5.040117982216311,-0.010587124808384652,1.8945998013441534,18.43575287,16366.386088230001,16148.26993849948,3.1394966209759847,4666.696974670137,3.056731746350443,1,26,0.5102040816326531,0.07370954810419986
1.8750705181027987,0.07635474268610665,9.26043606,4.938713488690406,-0.004850755465153389,1.8673158553593958,17.61492062,16636.22174663,16222.722765662103,3.213880127145045,5265.240384119825,3.0879050263963563,2,26,0.5102040816326531,0.07370954810419986
1.894110822777261,0.02210103656628082,10.10109329,5.3328945532284955,0.017368068198381218,1.88641880910475,17.89010143,16653.107231460002,16254.639374176515,5.856626495332266,3948.821501643441,3.0825766938991723,3,26,0.5102040816326531,0.07370954810419986
1.89004863389651,0.06279116643864757,8.81646824,4.664677978060299,0.005474508343793999,1.8823810537643624,17.45136452,16608.815862950003,16203.054009229762,5.566898059041569,3756.980839932201,3.1047786782601907,4,26,0.5102040816326531,0.07370954810419986
1.896603407622378,0.04763079848552021,9.05682373,4.775286015832812,0.006860050243772686,1.8885860060778585,17.42870808,17012.163879890002,16224.208572580583,5.955513065431077,3842.075618748783,3.109604592797405,5,26,0.5102040816326531,0.07370954810419986
2.1291808905277065,0.7360577619492363,12.84186363,6.031363369421004,-0.022851300081050022,2.1198860208095156,25.452721590000003,19407.40058008,15741.80027040039,1.1502733497504505,12999.151765036439,2.8420885335179507,0,27,0.5306122448979592,0.14472439918857355
2.1422117664529354,0.6260583867599672,11.68861389,5.456329795701736,0.015570753784874635,2.1325745101284563,22.996461869999997,19821.33218438,15657.83733302909,0.8643240412012034,11157.417810820994,2.9494763756207933,1,27,0.5306122448979592,0.14472439918857355
2.166252754287049,0.7264786254416205,14.66339016,6.769011663565536,-0.011561114218860741,2.1569063677736584,27.23712158,19630.05021242,15684.891000728481,0.8313089646633781,13298.159579875348,2.791482242280617,2,27,0.5306122448979592,0.14472439918857355
2.1431926034138997,0.7087181735591539,12.38576031,5.779116767326779,-0.021317667371355202,2.134628465224079,23.70842457,18691.84075093,15645.57653216717,0.7324608501898301,11689.924692071383,2.9197116528553555,3,27,0.5306122448979592,0.14472439918857355
2.152673410784174,0.7701527593744948,13.96192265,6.485852698349613,-0.0010139165691593526,2.1430271480098275,26.629990579999998,19879.0431272,15658.624843390284,0.9484749722976832,12866.164233860447,2.8072804142601053,4,27,0.5306122448979592,0.14472439918857355
2.15946061431945,0.7269761522980467,14.68064213,6.798291218025561,-0.01804504806727703,2.1497574668380923,25.936523440000002,19968.91574191,15700.083885790393,0.9223309197683763,13545.079582723063,2.8366406598551874,5,27,0.5306122448979592,0.14472439918857355
2.3069758237077114,0.2916235768024169,11.06248283,4.7952313658062815,-0.008220272293017134,2.292552755415542,21.6705122,25152.68907668,15748.365510314708,1.3276878108754568,15854.934743367867,3.084743583997736,0,28,0.5510204081632653,0.1996966870052318
2.35936197618668,0.38122165643711314,12.73134422,5.396096210966763,0.00731872539355911,2.3449485483754984,24.65631485,25429.07488806,15686.441478722489,1.3362252385672817,20075.84950842431,2.9776683152270387,1,28,0.5510204081632653,0.1996966870052318
2.3644234731857345,0.3662721589330209,11.88004303,5.024498853411094,0.018225059716754064,2.350640969198796,23.250908850000002,24894.69508591,15644.887569767345,1.6877381535543223,17423.561796663667,3.0386907117889934,2,28,0.5510204081632653,0.1996966870052318
2.3698812995537173,0.3301373460978958,12.6829834,5.351737828552167,-0.0038693905619241477,2.356206829423655,25.07556153,24825.90521523,15670.878979537443,1.368504817711433,15474.763778612549,2.966481511862433,3,28,0.5510204081632653,0.1996966870052318
2.3517576033827194,0.3162740476780508,11.58632755,4.926667413909693,-0.0066385350306913055,2.3369924321461495,23.16828727,25694.887217820004,15595.434825161941,1.0644954203833028,16632.51102645886,3.0368469192397893,4,28,0.5510204081632653,0.1996966870052318
2.340665609456308,0.38786132946921725,12.98406792,5.547169090511801,-0.004444016589087251,2.3261154919008957,25.26975823,25447.252427879997,15644.396845596131,1.186568136615772,18203.278131841234,2.945241279330808,5,28,0.5510204081632653,0.1996966870052318
2.199454476492364,0.35699701172983644,11.34241486,5.156921855499644,0.007630783154161138,2.189986879765648,22.50538636,19907.80749558,15657.251295677503,1.4941357903825057,15327.792433044642,3.0004927301395283,0,29,0.5714285714285714,0.26679206717201925
2.1903083922029616,0.2533094032242924,10.99427128,5.0195083574245976,-0.006447837896754169,2.1808357165895065,20.72281933,19871.59954266,15671.42445419243,1.5962902890529256,14187.73115555798,3.0796948203846406,1,29,0.5714285714285714,0.26679206717201925
2.2292059030925526,0.31722466324481013,11.95233917,5.361702637436341,-0.003390887454804029,2.219355869491256,23.41825485,20442.19846399,15647.862174745002,1.642066588134326,13387.107219176805,2.974696396828042,2,29,0.5714285714285714,0.26679206717201925
2.2199755963228243,0.264246795964318,11.71395111,5.2766125579952465,0.00442359856177842,2.2104847417875435,22.04152012,20025.16100898,15678.85790465385,1.5435987986534931,14758.583714668788,3.0313340613811297,3,29,0.5714285714285714,0.26679206717201925
2.191600084756609,0.27432953172209507,10.42179394,4.7553356164235625,0.013057495933365507,2.1824022103987732,20.75042153,19587.642604059998,15707.620469572446,2.187398650827213,13408.668670582192,3.078738159581723,4,29,0.5714285714285714,0.26679206717201925
2.217708780729627,0.20375474378229663,10.28307152,4.636799749972972,-0.009373961642296182,2.2086483765693155,19.61825276,19556.7166656,15693.53748295506,1.4984644089358066,14996.376179377376,3.1470234283048653,5,29,0.5714285714285714,0.26679206717201925
2.279634203402741,0.4559427345157956,13.01921368,5.711097710574185,0.01726970942475345,2.2697486338660946,25.08797741,20709.80557289,15671.170186012523,1.9301997054248765,12783.473548699052,2.9271552683360977,0,30,0.5918367346938775,0.24088770980806445
2.246003814852862,0.32353945294846875,11.31899643,5.039615852451933,0.003482371262198473,2.2358749267752542,21.48515034,20807.01924735,15779.997699564901,1.7016149443267357,13289.325617546217,3.0681466837549003,1,30,0.5918367346938775,0.24088770980806445
2.25180566554501,0.35655442987740615,12.21315956,5.4237182838973,-0.003168070091962197,2.241954425555659,23.80908584,20547.042661369996,15744.850711581541,2.023219418088957,12991.131020444276,2.9679119945602856,2,30,0.5918367346938775,0.24088770980806445
2.2548409514982364,0.3477694642045104,12.02672768,5.333736586613261,0.0035679541857430116,2.2445465476259407,22.53808403,21017.266519179997,15713.226268609767,1.8189943337720886,13068.579694805301,3.023747605445827,3,30,0.5918367346938775,0.24088770980806445
2.260517689201848,0.32309371226822536,11.2720747,4.986501434536433,0.0096776113294503,2.250742111780554,21.97537613,20507.79939999,15707.916817816957,2.652379256814372,13890.03435093178,3.0517823215557467,4,30,0.5918367346938775,0.24088770980806445
2.250436504864283,0.3312856644502955,10.85346889,4.822828311992096,0.02232069515672896,2.2405506203974377,20.774369229999998,20576.788891059998,15735.240337896654,2.080984250380323,17753.679605951133,3.10323187938191,5,30,0.5918367346938775,0.24088770980806445
2.416139267777294,0.3138447390578536,13.40914726,5.549823819690504,0.0009829970869164244,2.4014296627184866,25.63955974,25996.411715119997,15518.832396262933,1.0816596123050588,18399.710806938336,2.962985680917503,0,31,0.6122448979591837,0.25991940218363835
2.4518888839735182,0.4152407842998307,12.92326546,5.270738631131042,0.010492209461093983,2.4382489075161433,25.366223339999998,25221.23160341,15522.614590598354,1.2386168064822898,24032.67249003061,2.9879908866011458,1,31,0.6122448979591837,0.25991940218363835
2.430171866451552,0.44647285144323856,13.15478611,5.413109373703736,-0.005083350195720208,2.4165001929187238,25.85882378,25138.05017363,15528.021830427862,1.1224307091555386,22267.587335614364,2.9598544562543894,2,31,0.6122448979591837,0.25991940218363835
2.406628390845683,0.25886450757555446,11.19088078,4.650024416967654,-0.0008594062320961749,2.391878776408337,22.059720040000002,25980.190987349997,15637.846723016137,1.1710695107602664,20054.483644884505,3.1093295670403838,3,31,0.6122448979591837,0.25991940218363835
2.43663665700657,0.2821040369747734,11.26949024,4.625018755912779,-0.009301411642689385,2.4227402170001318,22.13942432,25377.04216302,15596.46538427566,1.3095592840475303,21090.185396926267,3.1180274184312413,4,31,0.6122448979591837,0.25991940218363835
2.4533357070089767,0.48631476061982815,12.50144768,5.095693852367779,0.0034663193067063056,2.4392872851358067,24.35225106,25602.570918799996,15568.737031514158,1.1975787148047274,20375.42218552223,3.028275175951121,5,31,0.6122448979591837,0.25991940218363835
2.1570921790894344,0.45982942766301926,13.44346809,6.232217714346747,8.413194123682567e-05,2.1506574084057397,25.74809742,16258.882540789999,15598.005677293708,0.8158443857389054,9020.915118565446,2.847611988108147,0,32,0.6326530612244898,0.2637836978447769
2.1301283681531165,0.5351798067066373,13.476017,6.326387273873124,-0.006823278804859547,2.1225547982574064,25.23292732,17525.91756152,15596.46935660115,0.8080131730174566,9925.753140144767,2.853941771235042,1,32,0.6326530612244898,0.2637836978447769
2.0893429061047755,0.6052604131663228,13.20042801,6.31798062990529,0.005636836997865503,2.0829131735537336,24.31549263,15994.875497100002,15727.529354887281,0.9433870358941874,10142.168806567603,2.8716801569952297,2,32,0.6326530612244898,0.2637836978447769
2.0794349234309957,0.4768852901136742,12.37051392,5.948978629054224,0.0006844004412756476,2.071539763011971,24.496807099999998,17678.86801033,15726.208983135213,0.9308929102500505,10839.867797415236,2.8600005904566794,3,32,0.6326530612244898,0.2637836978447769
2.077402587901792,0.6451798206679116,12.11682987,5.832682572249119,-0.018646669295148827,2.0705860446354007,23.99668789,16421.007829169997,15718.886054267678,0.8616539773270628,9329.18907115219,2.8777262683067812,4,32,0.6326530612244898,0.2637836978447769
2.0677333741638844,0.5256392269116597,11.07791424,5.35751580857445,0.0035809189393513144,2.061595021717707,21.94264317,15547.642761,15738.124112705276,0.9263530093402709,10884.956584617028,2.9643767642913708,5,32,0.6326530612244898,0.2637836978447769
2.2014450417057496,0.8591632718582529,13.99491501,6.357149392726286,0.004474859672795302,2.194213139684643,27.4067936,17411.538798679998,15561.200454515822,0.7477384123931887,13907.90248749983,2.8006007790785645,0,33,0.6530612244897959,0.28880994894975287
2.187843139583725,0.6471586205922581,12.14061737,5.549126054946499,-0.007227201984758686,2.1810044735767113,24.206883429999998,16879.83032365,15587.714212644185,0.8465859502004145,12083.47528960679,2.9206642108585763,1,33,0.6530612244897959,0.28880994894975287
2.182215232032042,0.7716701717622043,13.02402592,5.968259101496715,0.00253957320981179,2.1747278424085565,25.339655880000002,17638.23363851,15576.25535437485,0.7758620625855345,12658.3750773996,2.8709874404164952,2,33,0.6530612244897959,0.28880994894975287
2.146607753036155,0.6942343788070966,13.01688766,6.063933963524056,-0.006849116958667329,2.1393772419347474,24.43514251,17191.30135373,15612.128766274302,0.8405917928362193,9666.016651436528,2.8917158768638562,3,33,0.6530612244897959,0.28880994894975287
2.1517348974401105,0.8061441397786209,14.17968655,6.589885476537736,-0.002229210622642773,2.144439491398012,28.154334069999997,17288.7907002,15571.850659060841,1.0461308710503099,10757.426639958336,2.752209327443373,4,33,0.6530612244897959,0.28880994894975287
2.162895045155759,0.6709116667736983,13.32120895,6.158971504343469,-0.006491230979255929,2.1552312720327556,24.88424205,17765.11088403,15517.998205551303,0.9557927020273057,12281.038896828602,2.8810985169173975,5,33,0.6530612244897959,0.28880994894975287
2.536936700475324,0.7059316843647538,15.4714613,6.098481407557881,-0.010112124328955715,2.518732118846228,30.548128130000002,29626.380161629997,15596.791070229647,5.128311314993429,25987.83446920549,2.8323866437189054,0,34,0.673469387755102,0.3274343548225202
2.5019651740195843,0.5062678725598286,13.91154289,5.560246415280881,-0.004175416177551256,2.4837093819481098,26.38605308,29461.93282417,15581.729761401959,6.985597538189317,27767.007386543868,2.9659335467595263,1,34,0.673469387755102,0.3274343548225202
2.532908880505092,0.5649442540747427,14.34751225,5.664440738641548,0.007401236473483677,2.5149359536410403,28.232881550000002,29414.49071826,15531.75489460794,4.9442322112129995,27219.624679369103,2.910644586133875,2,34,0.673469387755102,0.3274343548225202
2.4934063091484813,0.448507868072626,12.34150982,4.949658535280889,-0.005175672267570451,2.4747914014003674,24.27893353,29698.10995681,15528.707844700008,5.374084573127249,22149.399517185626,3.0460283368027703,3,34,0.673469387755102,0.3274343548225202
2.482215133696346,0.5517501746450852,12.95119858,5.217597139017501,-0.009132836504566018,2.463784775052255,25.28776074,29484.43953659,15595.451581221314,4.626284657761614,24544.239219955274,3.0002081723100305,4,34,0.673469387755102,0.3274343548225202
2.5256051439993574,0.6070807340871527,13.82091045,5.472316400224878,-0.0006264908320633853,2.507412084272571,27.05862617,29550.580228259998,15509.65348742963,6.082200663720721,26264.599410081988,2.9495399273970193,5,34,0.673469387755102,0.3274343548225202
2.5956438087940232,0.886734134912603,15.69445419,6.04645912387027,-0.0014225789719695466,2.574878793857896,30.57426452,31998.695668599998,15239.210480058478,0.8353708576623109,18565.030159069112,2.8514339489257154,0,35,0.6938775510204082,0.3902666925893583
2.618689237267131,0.7551167979040905,15.48208046,5.91214881081389,0.008367527471128719,2.5978317747543915,30.49457359,32212.182276710002,15134.560263547039,1.0417525593529176,16803.15883791817,2.863975479585165,1,35,0.6938775510204082,0.3902666925893583
2.684180382374625,0.9988866049810974,17.40372849,6.483814800331478,-0.0010805750886267354,2.661885148539292,33.833158499999996,33714.91634005,15103.201690780821,0.6203062470403649,14840.970190329002,2.7817557407898494,2,35,0.6938775510204082,0.3902666925893583
2.6608519646346336,0.8850342709989185,16.99991226,6.3888981746995785,0.0003245296590500813,2.640337751151143,32.88970947,32204.238946100002,15097.342410223488,0.8376852251921558,13448.66097267508,2.8035216542228465,3,35,0.6938775510204082,0.3902666925893583
2.588066606029074,0.8955499432196992,17.18302345,6.639328141698903,0.006638298848633452,2.568206773193372,33.297941210000005,31250.33615927,15281.989532544074,0.9371304638985384,16078.22645395161,2.7638158867128473,4,35,0.6938775510204082,0.3902666925893583
2.5938553568340934,1.141947479477893,17.30023575,6.669699489764782,0.004612170542355786,2.5712815764750374,32.82570648,33345.86586826,15239.894385486223,0.8700869340059366,17762.34921528884,2.775433612465683,5,35,0.6938775510204082,0.3902666925893583
2.2923553266573786,0.7217234430272916,13.97814178,6.097720374084576,0.006671907063940351,2.288006308104688,26.587657919999998,13783.02189063,15314.88004369515,0.8532740587363815,12766.9573629573,2.8743312900454696,0,36,0.7142857142857143,0.41857469784290413
2.4009297843852,0.7801605875608186,14.82442284,6.174450805022627,0.0003399139225677427,2.393580719758428,29.17235375,18331.039872020003,15223.96901148048,0.8741184871250843,13748.830923043672,2.826277079453744,1,36,0.7142857142857143,0.41857469784290413
2.405300907610701,0.83542844273203,14.70473671,6.113470736019848,0.02565385695123618,2.3995696676632887,28.229310990000002,16205.56115827,15242.867755372092,0.7866763021363375,13003.600291045781,2.860787827302717,2,36,0.7142857142857143,0.41857469784290413
2.3776659682010206,0.9381343785922951,14.92013741,6.275119217561419,-0.012952897478585794,2.37296380248388,29.281099320000003,14595.65166062,15211.71036542683,1.0545304413623449,13320.356159393197,2.81250079635638,3,36,0.7142857142857143,0.41857469784290413
2.313335341101008,1.0598524647043002,14.57385254,6.299930788704299,-0.004841688901526389,2.305865529061191,28.02513409,18139.99624055,15316.572090692924,0.8151059597960985,12971.30403494788,2.8254555274264668,4,36,0.7142857142857143,0.41857469784290413
2.2817442275248583,1.2696143189646838,17.56335831,7.697338771862263,-0.004285590715395018,2.2760410600803276,34.24601555,15744.683104929998,15490.093002877267,0.9934140911023045,20161.429902898355,2.6108424648242687,5,36,0.7142857142857143,0.41857469784290413
2.644337069604337,0.7261637291859864,14.50871849,5.486712967409593,0.001335396666307901,2.627699825046437,28.162960050000002,28922.03532794,15428.179291274828,3.0288597329362132,22052.168729403405,2.954419338237022,0,37,0.7346938775510204,0.43112449079100296
2.7155466170750286,0.7101228258597492,14.47621822,5.330867137015911,-0.0060327159205868,2.6985348140708494,28.20199299,29637.15393093,15330.239769924705,2.8128735090012635,25563.25598134627,2.979618599418575,1,37,0.7346938775510204,0.43112449079100296
2.699432197269248,0.7607413234265068,18.14127541,6.7204041754972605,-0.012084350081279307,2.6826235946961545,35.60116768,29372.35940533,15385.803815298437,4.06554325688235,27025.30961435186,2.741938414261021,2,37,0.7346938775510204,0.43112449079100296
2.661263305662734,0.6655379416711917,13.4895525,5.068853003495157,-0.014655486289692007,2.6442841277850557,26.67239666,29310.441582530002,15428.855607698406,2.730986873128648,23273.41986517673,3.0159185829846775,3,37,0.7346938775510204,0.43112449079100296
2.67327267143619,0.6140039271511677,14.56482029,5.448310771147483,0.0029123157164402903,2.6565807749646893,27.65954208,29127.915532550003,15369.299485982032,3.1723234091523547,21176.61281100597,2.9846322092091957,4,37,0.7346938775510204,0.43112449079100296
2.745820259793431,0.8750128112035109,15.22644138,5.545316131196982,-0.001368099989589831,2.7295462669520423,30.06654167,29150.94178671,15294.94682300595,1.666518677630478,32383.49376488316,2.924485917974373,5,37,0.7346938775510204,0.43112449079100296
2.554899907111969,1.5560318387110446,17.0682354,6.680588680788574,0.012406233255122407,2.5479339611714713,34.05475998,18411.73417989,15278.19256686762,1.1768990395458605,28302.140046455952,2.722605700724645,0,38,0.7551020408163265,0.5502390615239503
2.5542506137942653,1.6644674844537333,16.8628521,6.601878456613434,0.008395392823258928,2.5468472329740153,32.27936745,18977.79728535,15287.6551981197,1.2246486630464513,29026.817093238824,2.773839496367797,1,38,0.7551020408163265,0.5502390615239503
2.551490566633184,1.7718257077385164,16.71269608,6.550169653205191,0.01236273833467995,2.544363147108543,33.33327294,18611.16540514,15214.40504125657,1.3165024789771607,28030.03542230484,2.7405280767955413,2,38,0.7551020408163265,0.5502390615239503
2.535117489883744,1.5903931447740822,14.77834988,5.829453640303554,-0.0033468441077388637,2.5283394832374926,29.3684578,18091.454684260003,15232.387273304783,1.2391897724576344,27430.740470785215,2.8617204070846602,3,38,0.7551020408163265,0.5502390615239503
2.542907566884053,1.7082128024724375,17.05426788,6.706601569831111,0.0057594229757355125,2.535547328702601,33.37656402,18880.37716065,15311.606209899499,0.839799052807534,29288.689186495125,2.735879171711267,4,38,0.7551020408163265,0.5502390615239503
2.5585504934464143,1.624298352376826,16.49118042,6.445516890224073,0.0026214402833294763,2.5514960637109345,31.98523521,18541.39115865,15289.125920111841,1.2415475453122609,26969.37751871243,2.785325100605478,5,38,0.7551020408163265,0.5502390615239503
2.306562768125761,0.33143298577019964,11.67294788,5.060754487719865,0.004619339623352617,2.299965087326548,22.05506801,17024.77702026,15622.21826255678,1.376430132195963,19477.775393987686,3.070025248604797,0,39,0.7755102040816326,0.5160206438076582
2.328583386923746,0.3705601857677703,11.3246212,4.863309282198725,0.005923641401252793,2.3216145624235596,22.41544437,17579.81965559,15603.244930573821,1.27001137362759,18495.003954576456,3.0622567138485546,1,39,0.7755102040816326,0.5160206438076582
2.3564397540350206,0.4076879335638899,13.20570755,5.604093008271215,-0.0016865720258830467,2.3497734134571107,25.90996742,17297.30636929,15553.259958336383,1.3055947112381043,15611.083980845811,2.930090084483303,2,39,0.7755102040816326,0.5160206438076582
2.3552297743010215,0.3844279436215894,12.1362114,5.152877877319528,-0.0019406288204835856,2.3480562726557177,23.74114609,17937.63691722,15619.218185349819,1.2931735505683546,15699.372784689243,3.0168894090076988,3,39,0.7755102040816326,0.5160206438076582
2.3561974114607382,0.5548647939635609,12.8339262,5.4468806975063835,0.004302636109327454,2.3496086656422133,24.521111490000003,17195.5995004,15571.41755314122,1.1433675951336584,19373.738423871677,2.983173743263422,4,39,0.7755102040816326,0.5160206438076582
2.342144467584329,0.41295385582899424,12.26729298,5.23763292562922,-0.018072754008225077,2.33570320228695,24.125972750000003,16951.47769938,15553.315434003556,1.1961244965072448,13966.358374084926,2.99498540032992,5,39,0.7755102040816326,0.5160206438076582
2.0301131293234493,1.0316270352772126,12.59914303,6.206128539348327,-0.013697579084124258,1.9990447497081805,24.272152900000002,34551.37822289,16048.743216660365,2.2785724904753137,15280.879684386859,2.826564197643976,0,40,0.7959183673469388,0.5017803393333454
2.0966258318960356,0.8485394989240445,13.16130924,6.277376267990493,-0.0039220437589561775,2.068063705083658,25.12316036,33681.04200498,15968.917066116763,2.9637031373416756,20569.69166863844,2.8284912236017123,1,40,0.7959183673469388,0.5017803393333454
2.063635903632414,0.9374649555209582,13.28398514,6.4371748507658335,-0.017720312096956133,2.032440888014959,25.84438992,34908.0492705,16037.887424381463,2.882816791070505,21244.836077831813,2.781674544575634,2,40,0.7959183673469388,0.5017803393333454
2.108086857188051,0.8134802253305056,13.2853508,6.3020889081018,-0.0022543099995993286,2.0781346152682088,25.260836599999998,34579.97695147,16009.173615085985,2.6508891370071455,21964.46763364492,2.8290334238213832,3,40,0.7959183673469388,0.5017803393333454
2.1667523768581525,0.7729640734608756,11.81837749,5.45441999566972,-0.00016310877116331094,2.13821834945342,22.709195129999998,34226.74268637,15839.51912635083,2.454973155243159,17480.854369882905,2.9629431363993715,4,40,0.7959183673469388,0.5017803393333454
2.1521331462640974,0.8064388899075277,11.95451641,5.554729004918644,-0.006951499271760228,2.1226998415173055,23.889848710000003,34640.01098981,15909.69516129953,2.452057822355975,19269.49579088398,2.905385312771255,5,40,0.7959183673469388,0.5017803393333454
2.2227296821566087,0.421036641556245,12.35802364,5.559841009550743,0.0006304459228411919,2.2138540937149207,23.47423362,19378.57565839,15783.325922267899,3.29001487153226,13865.375657031647,2.969206568473992,0,41,0.8163265306122449,0.325780357087658
2.2339547344151143,0.3807107113188404,12.23137283,5.475210684249774,0.0131398980965222,2.225441677578669,23.40698337,19027.41270187,15745.335992697594,3.665115083982297,13813.971380833374,2.9774488243873707,1,41,0.8163265306122449,0.325780357087658
2.2123266213180712,0.35715865008338143,12.03148937,5.438387466870428,0.0015031172812690896,2.2032847056364453,22.49006557,19513.023937949998,15766.048036341954,4.049685512634259,13937.076938396984,3.007417363467613,2,41,0.8163265306122449,0.325780357087658
2.224076111373994,0.4036303236719663,12.22834492,5.49816836638992,-0.005347224094796786,2.2152333482368145,23.64833546,19348.6486231,15750.360167633688,2.2553050056105004,14896.39763539529,2.962165638772111,3,41,0.8163265306122449,0.325780357087658
2.2287376995262353,0.4405686896872214,11.68932724,5.244819631527214,-0.006777710191764807,2.219896964643638,22.88344479,19366.73838295,15739.903486255605,2.2114635667672555,13677.768959803047,2.996494464813741,4,41,0.8163265306122449,0.325780357087658
2.2376274629039528,0.37683794499072265,11.06091976,4.943146231162777,-0.00869332011739439,2.228686325344263,22.03931713,19515.062018070003,15774.885753961491,3.283653280026897,14857.53319045075,3.039052384385346,5,41,0.8163265306122449,0.325780357087658
2.3593059236659486,1.8211016973134218,17.58486938,7.453407887297715,0.01894884534883086,2.351810507956905,33.26178741,18350.95679277,15472.428672925604,0.8135185393456428,21129.196136126247,2.6638853506936386,0,42,0.8367346938775511,0.4765497802591867
2.384075713332805,1.69133136468536,15.41270161,6.464854083201033,0.0063604262869229765,2.3768970860870353,30.390294079999997,18053.752448619998,15337.793963253225,1.219449304798851,23073.367175701926,2.765093478951826,1,42,0.8367346938775511,0.4765497802591867
2.3569752476928114,1.8812780269441776,17.90213585,7.5953855975042535,-0.0167767791191606,2.349429280650859,33.99855995,18403.52477635,15439.365982817226,0.7772018415709809,21879.421428795114,2.640918423292333,2,42,0.8367346938775511,0.4765497802591867
2.383401486047708,1.8446066469216573,15.32112122,6.428258650373822,-0.014047654037356855,2.375820514609538,30.21898461,18549.37766539,15410.481935001528,0.846594054963321,23444.907994901245,2.769326754353038,3,42,0.8367346938775511,0.4765497802591867
2.3560780586426042,1.9132057233694635,18.91140747,8.026647249919783,-0.0061486586221050805,2.3486478473166703,35.4206028,18258.56651325,15524.676462084986,0.7279612935191647,23367.653624687344,2.5995105461131587,4,42,0.8367346938775511,0.4765497802591867
2.3576576147906803,1.8314035108251439,15.86040974,6.727189580242818,0.003269686696137026,2.3501629671766855,31.145720490000002,18343.59664221,15460.902371234011,0.9431698736934594,21078.03763770288,2.728050461832614,5,42,0.8367346938775511,0.4765497802591867
2.2910890920797122,1.2634045696527254,14.34397984,6.260769120496925,-0.0036908279464212654,2.284736368669362,28.04339505,16649.97671009,15379.653942021921,0.8799503983325414,17850.149655373043,2.8132532021281933,0,43,0.8571428571428571,0.513052770914407
2.2950069443306105,1.348277442857789,15.11418724,6.585682573787761,0.0034014355256340592,2.290259307844019,28.13959026,14408.538802539999,15454.870624667758,0.7652265035957191,16949.764066159296,2.810251346470552,1,43,0.8571428571428571,0.513052770914407
2.2831163345637475,1.619605081627383,16.04899597,7.029425407298224,0.016595609852379,2.2769871906589567,31.15257549,16326.24057695,15448.199714737546,1.1306748769778092,17801.942137744492,2.7011055621030495,2,43,0.8571428571428571,0.513052770914407
2.2733008344461805,1.6223002979737844,15.10223866,6.643308457536019,-0.010953820859078253,2.2672944054415844,28.205993659999997,16127.36816482,15505.322123649492,0.7352716214820791,19653.79954027792,2.793994970603005,3,43,0.8571428571428571,0.513052770914407
2.291466435482023,1.3137257296496134,14.41375446,6.290187906229568,0.005630748549445629,2.2868630863724073,27.567445749999997,14177.165572360002,15413.664169735259,0.7837421347804316,18404.20393072239,2.829835088601012,4,43,0.8571428571428571,0.513052770914407
2.325282162056182,1.1240711059095307,13.8432703,5.953372251287897,-0.008160469851131188,2.319301033841874,27.226538660000003,16276.606379410001,15336.62574064653,0.7263736028195419,12733.466800116448,2.859163411359504,5,43,0.8571428571428571,0.513052770914407
2.274670692064867,1.3031988656446538,14.70701313,6.465557050216128,-0.020655954940521637,2.270050103680907,27.66623688,14151.45765991,15372.66993434851,0.6364776673937007,14372.707711281004,2.8192509159919106,0,44,0.8775510204081632,0.5949588558566747
2.3332187525572414,1.3436261581422482,16.22636032,6.954495930660456,-0.010098217817336285,2.329074792223357,31.792293550000004,14487.789065908284,15388.091849896386,0.9599864637230191,15992.048063931832,2.707202314509615,1,44,0.8775510204081632,0.5949588558566747
2.3177173908764708,1.2856647520680138,16.22557259,7.000669129839043,0.010543948819033951,2.3132032607899475,31.72211266,15710.49073543754,15370.982791717926,1.0754586779973185,14525.029341376494,2.703435406484382,2,44,0.8775510204081632,0.5949588558566747
2.277640926549213,1.2729851444411624,14.74249077,6.4727019075548125,0.02216612524234448,2.2729150665278954,28.732767109999998,14320.94212906,15379.210280843945,0.9845121498751296,13792.10050007348,2.783407667190517,3,44,0.8775510204081632,0.5949588558566747
2.2267469424209216,1.1691975830366745,14.9826746,6.728503501934,0.00517562898845683,2.2218986675191754,28.19380856,14341.892239509998,15467.88225223381,0.7901237405591407,13353.384158597382,2.7810544456168715,4,44,0.8775510204081632,0.5949588558566747
2.166584720104961,1.3409407904199435,14.13309669,6.523214420766024,0.007013253952436021,2.161901154529359,28.13139534,13904.49551968,15550.034854877347,0.8216068724121878,16154.266917224784,2.7539298014576,5,44,0.8775510204081632,0.5949588558566747
2.418938209981104,1.4721155012493181,15.80670738,6.534564345123755,-0.018144584077163173,2.414075213424097,31.16995144,14971.31379955,15356.683748921903,0.8814761276746212,15981.867031435337,2.7593605916159896,0,45,0.8979591836734694,0.561693494687046
2.46208863870207,1.775639929489543,17.18840027,6.981227239268341,-0.008930072308355023,2.4570596877694664,33.20623779,15359.69492049,15254.169586863647,0.5644204483388403,22823.62150642584,2.710070103213069,1,45,0.8979591836734694,0.561693494687046
2.4275110295386195,1.5536350415645375,17.60411453,7.251919482872914,-0.003522092788296161,2.4218053257304852,32.91158867,16244.030701530002,15281.461245608009,0.7909617495050685,17501.54619749807,2.7068834885827604,2,45,0.8979591836734694,0.561693494687046
2.3379158407487246,1.6858148514474633,17.22849464,7.369168016964427,-0.00710275684922189,2.3327109947106095,32.69221592,15226.16249794,15462.10106401644,0.7517919344677487,21412.486824826883,2.675276496918995,3,45,0.8979591836734694,0.561693494687046
2.3398251530421716,1.6185715082095982,16.81711006,7.1873362153299745,0.005552823067397842,2.3336306327080383,32.65911102,16615.822423690002,15402.60585564903,0.6942855337707518,19417.13685763803,2.6775611144985203,4,45,0.8979591836734694,0.561693494687046
2.3686419706749176,1.6702092568106597,15.97223282,6.7432026527204085,-0.023636549142059732,2.363099005044356,31.00378704,15815.411843010002,15357.783452784817,1.0836348270645821,16688.291346697137,2.7412387816898423,5,45,0.8979591836734694,0.561693494687046
2.438544795030873,0.8788348991978419,14.07090378,5.770205168538582,-0.010428442475147664,2.4309565918344327,26.129551890000002,18772.004706929998,15525.059000130359,3.1551736548086535,27994.453542450054,2.9484361721276136,0,46,0.9183673469387755,0.5924055778845003
2.462324898898969,0.9937780300953207,13.72021294,5.57205628962084,-0.00048792532116067846,2.4546048976393418,26.65835667,19026.31229543,15453.868980925536,3.2057787322889486,30554.72203080242,2.937002664795591,1,46,0.9183673469387755,0.5924055778845003
2.5058577386686323,1.0043411239140854,15.42853832,6.156988915179684,0.004926717925754982,2.498827335843266,30.41414261,18317.97295798,15435.454094726216,3.2311385161140165,30930.896432975223,2.822884462582576,2,46,0.9183673469387755,0.5924055778845003
2.46978956837427,0.98323937254627,15.59774303,6.315413762261195,0.008848032960656307,2.462092962049879,30.258142470000003,19026.32584187,15389.54365645116,2.1980193775688264,31940.12860719521,2.814337799751414,3,46,0.9183673469387755,0.5924055778845003
2.48430472343703,1.0275143374429998,15.13683033,6.092984563124861,0.004730129486834163,2.477292550003255,29.19924164,18215.2866997,15438.518341261039,2.567055759647248,31990.115427183613,2.8548287356084376,4,46,0.9183673469387755,0.5924055778845003
2.524131949363968,1.2299542211892245,15.08321381,5.975604331540859,0.002984761631208741,2.516731307858666,29.35929108,18861.92759344,15364.627788833594,3.44165091210237,33214.49732178315,2.861715622055486,5,46,0.9183673469387755,0.5924055778845003
2.288747829623791,0.8779074901138806,13.93441963,6.088228440741088,-0.0018899282647178012,2.2832392924111393,27.54951668,15497.782964170001,15692.393829429962,2.98306973481737,23423.894558275915,2.8351070128886366,0,47,0.9387755102040817,0.5938128624199417
2.2923729184170587,0.8013142390758214,13.49920082,5.888745549010211,-0.011687025495123364,2.2871616695846635,26.374867440000003,15086.222502569999,15703.182692072038,3.1269650474678885,22444.376842072124,2.8809470819064043,1,47,0.9387755102040817,0.5938128624199417
2.2790219541832046,0.8760724706194853,13.61373138,5.973497251753823,-0.01255081362903875,2.2731598707874925,27.09647941,15952.71946735,15659.714058899639,3.517625653794371,23412.938991551164,2.8473236700963787,2,47,0.9387755102040817,0.5938128624199417
2.2791008009524742,0.8865214055721302,12.78802586,5.610996167723547,0.013303813193059686,2.273458196980991,25.370962149999997,15651.879942439999,15692.760731370478,3.6206508477836112,23168.848877123866,2.9119073527100907,3,47,0.9387755102040817,0.5938128624199417
2.2608348977130532,0.8679224168491428,15.7973423,6.987393159925033,-0.0032726630347023836,2.255443193638115,29.36756039,15238.853481670001,15718.715976891199,3.8750736487999493,23975.58923467562,2.7594495305604347,4,47,0.9387755102040817,0.5938128624199417
2.2839060844990633,0.8156123502014125,13.49279022,5.907769286826616,0.014030753622331823,2.278213397830003,25.561454769999997,15737.686851130002,15699.60765221136,3.2327948516242864,24534.761141758772,2.9083842342918227,5,47,0.9387755102040817,0.5938128624199417
2.462830783073314,1.0100231759494465,14.21884346,5.773374101754814,0.014249629740657209,2.4567637519592864,27.276513100000003,16871.42236559,15497.529475908366,1.192986645683607,32777.24131919849,2.9141474903323745,0,48,0.9591836734693877,0.5866176800807295
2.445562942173814,0.8878707292396304,13.01424217,5.321573182832044,-0.01809903804493538,2.439329127708974,25.98461437,17041.32480157,15492.638269161635,1.1789706471305288,29258.71219348032,2.958040641957247,1,48,0.9591836734693877,0.5866176800807295
2.4201755976148176,0.8950748915840565,15.726264,6.497984698093345,-0.005060407452982,2.41409669524395,29.57669735,16740.833234,15555.259625773266,1.4007419251720892,30412.460926572297,2.8190211025122056,2,48,0.9591836734693877,0.5866176800807295
2.483011600267601,0.8949176338677596,14.54770279,5.858894412105105,-0.01921550649204743,2.4768248818736964,27.40782642,17106.56394329,15507.612983070285,1.397067356213578,30947.382004693387,2.9197970878458093,3,48,0.9591836734693877,0.5866176800807295
2.471460022297462,0.9747280777848912,14.45867062,5.850254703517017,-0.004429002065226173,2.4655351536707655,28.03025437,16702.044849230002,15519.585086243775,1.3583071301090657,31937.040937131223,2.8914966828031887,4,48,0.9591836734693877,0.5866176800807295
2.4568241824119443,1.000017592924424,14.48712158,5.896686333401978,0.0006540471520607976,2.450711790806206,28.95691585,16913.60807214,15507.731626947245,1.282438614596602,29856.01659478674,2.853341931490001,5,48,0.9591836734693877,0.5866176800807295
3.276082055873605,2.427763083132838,21.65893173,6.611229926664458,0.0030792582447995804,3.265231175786518,41.73631286,26017.3995553,14795.778393374369,1.3368564892658794,62367.9996828065,2.7452730855641265,0,49,0.9795918367346939,0.8129317009905705
3.1945537104932056,2.2176270964403004,21.49330902,6.728110079790038,-0.01294621583910248,3.1830535146907404,41.24653244,26447.244696330003,14963.508068426758,1.236717147164944,59428.74579892102,2.7365674095910646,1,49,0.9795918367346939,0.8129317009905705
3.140392863871933,2.0093145634621985,21.72575378,6.918164294009168,-0.009953825777669088,3.1293503209608677,41.30244827,25695.57588005,14915.975460179028,1.525381633202029,58129.59229576247,2.7233709065172675,2,49,0.9795918367346939,0.8129317009905705
3.1805761070737515,2.1366948618345614,20.75840759,6.526618729176869,0.003182144952894822,3.168969141771471,40.41115379,26511.21219931,14942.834314831456,2.0546978431124163,61342.8037840772,2.753498091066612,3,49,0.9795918367346939,0.8129317009905705
3.1740997630048966,1.9153995035952196,18.43453407,5.807799201795777,-0.0063511008098534,3.1622958137198522,36.19994163,26707.53093379,14910.217152474785,2.0695009483738307,62267.740936380906,2.8625332156098247,4,49,0.9795918367346939,0.8129317009905705
3.1513840252976544,1.768765965869009,17.40743256,5.523742082926829,-0.007228455556459024,3.1398990428067823,34.031871800000005,26250.26628918,14991.804876730197,2.379999244783293,56586.57252235372,2.9203770596328567,5,49,0.9795918367346939,0.8129317009905705
2.9902016175361315,2.328443016774985,21.55056953,7.20706236115184,0.02153597627407934,2.97940732569849,41.054920190000004,24789.5675438,14849.645256997783,0.5852966267587382,29028.50228662397,2.6807967792662075,0,50,1.0,1.0
3.024921647965487,2.5901772313468427,22.9691658,7.593309339251377,0.037931017503597744,3.0129708011425076,43.44452858,26232.57709948,14827.588411181978,0.6907482067980929,27185.11236472674,2.631143887056925,1,50,1.0,1.0
2.9540317841022103,2.376267124482702,20.96320152,7.0964712136200445,0.017181882357944166,2.9433424793081024,41.28674698,24519.014303540003,14945.87818062095,0.9057356661316748,32099.57741120839,2.661161362977713,2,50,1.0,1.0
3.000869474048413,2.660666610010848,21.4116745,7.1351568887512915,0.03430504539979283,2.990388261731104,42.70672607,24471.67477003,14888.366131779036,0.943175353268775,36634.57099206586,2.639218521304114,3,50,1.0,1.0
2.9493513441653523,2.818391627850132,22.86288261,7.751834197451322,0.030516419402071806,2.9368969128824243,44.10845184,26441.13961737,14922.96489066301,0.9038446073926777,33769.79651323662,2.588695236883968,4,50,1.0,1.0
2.9370273622650194,2.5535998698378766,20.76307297,7.069417614818417,0.035291591280876736,2.9258718301922015,39.61015892,24974.70054606,14883.798781600774,0.6984651763137323,28418.365263435033,2.693989554781173,5,50,1.0,1.0
